make,model,release_date
Asus,Asus ZenFone 5 (2015),2015/01
Asus,Asus ZenFone 2,2015/03
Asus,Asus ZenFone 3,2016/08
Asus,Asus ZenFone 4,2017/10
Asus,Asus ZenFone Max Plus M1,2017/11
Asus,Asus ZenFone Max M1,2018/05
Asus,Asus ZenFone Max Pro M1,2018/05
Asus,Asus ZenFone 5,2018/05
Asus,Asus ZenFone Live L1,2018/05
Asus,Asus ROG Phone,2018/10
Asus,Asus ZenFone Lite L1,2018/10
Asus,Asus ZenFone Max M2,2018/12
Asus,Asus ZenFone Max Pro M2,2018/12
Asus,Asus ZenFone Max Shot,2019/03
Asus,Asus ZenFone Max Plus M2,2019/03
Asus,Asus ZenFone Live L2,2019/05
Asus,Asus ZenFone 6,2019/05
Asus,Asus ROG Phone II,2019/09
Asus,Asus ROG Phone 3,2020/08
Asus,Asus ZenFone 7,2020/09
Asus,Asus ROG Phone 5,2021/03
Asus,Asus ZenFone 8,2021/05
BlackBerry Limited,BlackBerry Priv,2015/11
BlackBerry Limited,BlackBerry DTEK50,2016/08
BlackBerry Limited,BlackBerry DTEK60,2016/10
BlackBerry Mobile,BlackBerry Aurora,2017/03
BlackBerry Mobile,BlackBerry KeyOne,2017/04
BlackBerry Mobile,BlackBerry Motion,2017/12
BlackBerry Mobile,BlackBerry Key2,2018/06
BlackBerry Mobile,BlackBerry Evolve/X,2018/08
BlackBerry Mobile,BlackBerry Key2 LE,2018/10
Cherry Mobile,Cherry Mobile Flare S8 Deluxe,2019/07
Cherry Mobile,Cherry Mobile Flare S8 Pro,2019/07
Cherry Mobile,Cherry Mobile Flare S8 Plus,2019/07
Cherry Mobile,Cherry Mobile Flare S8 Lite,2019/07
Essential Products,Essential PH-1,2017/08
HTC,HTC Desire 320,2015/01
HTC,HTC Desire 526G+,2015/01
HTC,HTC Desire 826,2015/03
HTC,HTC Desire 626,2015/03
HTC,HTC Desire 820s,2015/03
HTC,HTC Desire 626G+,2015/04
HTC,HTC One M9,2015/03
HTC,HTC One E9/+,2015/05
HTC,HTC One M8s,2015/05
HTC,HTC One M9+,2015/05
HTC,HTC Desire 326G,2015/06
HTC,HTC Desire 820G+,2015/06
HTC,HTC One ME,2015/07
HTC,HTC Desire 626s,2015/07
HTC,HTC Desire 526,2015/08
HTC,HTC Desire 626 (USA),2015/08
HTC,HTC One M9+ Supreme Camera Edition,2015/10
HTC,HTC Butterfly 3,2015/10
HTC,HTC One E9s,2015/10
HTC,HTC One A9,2015/10
HTC,HTC Desire 520,2015/11
HTC,HTC Desire 728,2015/11
HTC,HTC Desire 828,2015/11
HTC,HTC One M9s,2015/11
HTC,HTC One X9,2016/01
HTC,HTC Desire 530,2016/03
HTC,HTC Desire 825,2016/04
HTC,HTC 10,2016/04
HTC,HTC Desire 830,2016/05
HTC,HTC One M9 Prime Camera,2016/05
HTC,HTC Desire 630,2016/06
HTC,HTC 10 Lifestyle,2016/06
HTC,HTC One S9,2016/06
HTC,HTC Desire 628,2016/06
HTC,HTC Desire 625,2016/08
HTC,HTC Desire 10 Lifestyle,2016/09
HTC,HTC Desire 728 Ultra,2016/12
HTC,HTC One A9s,2016/11
HTC,HTC 10 evo,2016/11
HTC,HTC Desire 10 Pro,2016/12
HTC,HTC Desire 650,2016/12
HTC,HTC U Play,2017/02
HTC,HTC U Ultra,2017/02
HTC,HTC U11,2017/06
HTC,HTC One X10,2017/07
HTC,HTC U11+/Life,2017/11
HTC,HTC U11 EYEs,2018/01
HTC,HTC U12+,2018/06
HTC,HTC U12 life,2018/08
HTC,HTC Desire 12/12+,2018/09
HTC,HTC Exodus 1,2018/12
HTC,HTC Desire 12s,2018/12
HTC,HTC Desire 19+,2019/06
HTC,HTC U19e,2019/06
HTC,HTC Wildfire X,2019/08
HTC,HTC Exodus 1s,2019/10
HTC,HTC Desire 19s,2019/11
HTC,HTC Wildfire R70,2020/02
HTC,HTC Desire 20 Pro,2020/06
HTC,HTC Wildfire E2,2020/08
HTC,HTC U20 5G,2020/10
HTC,HTC Desire 20+,2020/10
HTC,HTC Desire 21 Pro,2021/01
HTC,HTC Wildfire E3,2021/05
Huawei,Honor 4C,2015/04
Huawei,Honor Bee,2015/05
Huawei,Honor 7,2015/07
Huawei,Honor 7i,2015/08
Huawei,Honor 5X,2015/11
Huawei,Honor Holly 2 Plus,2016/01
Huawei,Honor 5c,2016/04
Huawei,Honor V8,2016/05
Huawei,Honor 5A,2016/06
Huawei,Honor 8,2016/07
Huawei,Honor Note 8,2016/08
Huawei,Honor Holly 3,2016/07
Huawei,Honor 6X,2016/10
Huawei,Honor Magic,2016/12
Huawei,Honor 8 Pro,2017/04
Huawei,Honor 6A,2017/05
Huawei,Honor 9,2017/07
Huawei,Honor 6C Pro,2017/10
Huawei,Honor 7X,2017/12
Huawei,Honor V10,2017/12
Huawei,Honor 9 Lite,2017/12
Huawei,Honor 7A,2018/04
Huawei,Honor 7C,2018/05
Huawei,Honor 10,2018/05
Huawei,Honor 7S,2018/05
Huawei,Honor 9N,2018/07
Huawei,Honor Play,2018/08
Huawei,Honor Note 10,2018/08
Huawei,Honor 8X/Max,2018/09
Huawei,Honor 8C,2018/10
Huawei,Honor Magic 2/3D,2018/08
Huawei,Honor 10 Lite,2018/11
Huawei,Honor V20,2018/12
Huawei,Honor Play 8A,2019/01
Huawei,Honor 8A Pro,2019/04
Huawei,Honor 20 lite,2019/05
Huawei,Honor 20i,2019/05
Huawei,Honor 20,2019/06
Huawei,Honor 20 Pro,2019/07
Huawei,Honor 9X (China),2019/07
Huawei,Honor 9X Pro,2019/07
Huawei,Honor Play 3/3e,2019/09
Huawei,Honor 20S,2019/09
Huawei,Honor 20 lite (China),2019/10
Huawei,Honor 9X,2019/10
Huawei,Honor V30/30 Pro,2019/11
Huawei,Honor 8A Prime,2020/03
Huawei,Honor Play 9A,2020/03
Huawei,Honor 30S,2020/03
Huawei,Honor Play 4T/Pro,2020/04
Huawei,Honor 8A 2020,2020/04
Huawei,Honor 20e,2020/04
Huawei,Honor 30/Pro/Pro+,2020/04
Huawei,Honor 9X Lite,2020/04
Huawei,Honor 9C/9S/9A,2020/04
Huawei,Honor X10,2020/05
Huawei,Honor 8S 2020,2020/05
Huawei,Honor Play4/Pro,2020/06
Huawei,Honor 30 Lite,2020/07
Huawei,Honor X10 Max,2020/07
Huawei,Honor 30i,2020/09
Huawei,Honor 10X Lite,2020/10
Honor,Honor V40,2021/01
Honor,Honor V40 Lite,2021/03
Honor,Honor Play 5T Youth,2021/04
Honor,Honor Play 20,2021/05
Honor,Honor Play 5,2021/05
Honor,Honor 50/Pro,2021/06
Honor,Honor 50 SE,2021/07
Honor,Honor X20 SE,2021/07
Honor,Honor Play 5T Pro,2021/08
Honor,Honor Magic3/Pro/Pro+,2021/08
Honor,Honor X20,2021/08
Huawei,Huawei P8,2015/04
Huawei,Huawei Mate S,2015/10
Huawei,Huawei Mate 8,2015/11
Huawei,Huawei P9,2016/04
Huawei,Huawei Nova/Plus,2016/10
Huawei,Huawei Mate 9,2016/12
Huawei,Huawei P10,2017/02
Huawei,Huawei Nova 2/Plus,2017/06
Huawei,Huawei Mate 10 Lite,2017/11
Huawei,Huawei Mate 10,2017/11
Huawei,Huawei P20,2018/03
Huawei,Huawei Nova 3i/P Smart+,2018/07
Huawei,Huawei Nova 3,2018/08
Huawei,Huawei Mate 20,2018/11
Huawei,Huawei Nova 4,2018/12
Huawei,Huawei Nova 4e,2019/03
Huawei,Huawei P30,2019/03
Huawei,Huawei P30 lite,2019/04
Huawei,Huawei Nova 5/5i/Pro,2019/06
Huawei,Huawei Nova 5i Pro,2019/07
Huawei,Huawei Nova 5T,2019/09
Huawei,Huawei Mate 30,2019/09
Huawei,Huawei Nova 5z,2019/11
Huawei,Huawei Nova 6/5G/SE,2019/12
Huawei,Huawei Y7p,2020/02
Huawei,Huawei Nova 7i,2020/02
Huawei,Huawei P40 lite,2020/03
Huawei,Huawei P40 lite E,2020/03
Huawei,Huawei P40,2020/04
Huawei,Huawei Nova 7/Pro/SE,2020/04
Huawei,Huawei P40 lite 5G,2020/05
Huawei,Huawei Nova 7 SE 5G Youth,2020/10
Huawei,Huawei Mate 40,2020/11
Huawei,Huawei Nova 8 SE,2020/11
Huawei,Huawei Nova 8 5G/Pro,2020/12
Huawei,Huawei Mate X2,2021/02
Huawei,Huawei Nova 8 Pro 4G,2021/05
Huawei,Huawei Nova 8i,2021/07
Huawei,Huawei Nova 8 SE Youth,2021/08
Huawei,Huawei Nova 8,2021/08
Kodak,Kodak Ektra (phone),2017
Lenovo,ZUK Z1,2015/08
Lenovo,Lenovo Vibe P1,2015/09
Lenovo,Lenovo Vibe K4 Note,2016/01
Lenovo,Lenovo K5 Note,2016/01
Lenovo,Lenovo Vibe P1 Turbo,2016/02
Lenovo,Lenovo Vibe K5/Plus,2016/02
Lenovo,ZUK Z2,2016/05
Lenovo,Lenovo Phab 2/Plus/Pro,2016/06
Lenovo,Lenovo K6/Power/Note,2016/09
Lenovo,Lenovo P2,2016/09
Lenovo,Lenovo Z2 Plus,2017/01
Lenovo,Lenovo Legion Pro,2020/07
Lenovo,Lenovo Legion Duel,2020/10
Lenovo,Lenovo Legion 2 Pro,2021/04
Lenovo,Lenovo Legion Duel 2,2021/05
LG Electronics,LG G Flex 2,2015/02
LG Electronics,LG G4,2015/04
LG Electronics,LG V10,2015/10
LG Electronics,LG K10 (2016),2016/01
LG Electronics,LG G5,2016/04
LG Electronics,LG V20,2016/10
LG Electronics,LG K10 (2017),2017/02
LG Electronics,LG G6,2017/05
LG Electronics,LG V30,2017/10
LG Electronics,LG G7 ThinQ,2018/05
LG Electronics,LG V35 ThinQ,2018/06
LG Electronics,LG K10 (2018),2018/06
LG Electronics,LG V40 ThinQ,2018/10
LG Electronics,LG G8 ThinQ,2019/04
LG Electronics,LG V50 ThinQ,2019/05
LG Electronics,LG Stylo 5,2019/06
LG Electronics,LG W10/W30,2019/07
LG Electronics,LG W30 Pro,2019/10
LG Electronics,LG W10 Alpha,2020/02
LG Electronics,LG Q51,2020/02
LG Electronics,LG V60 ThinQ,2020/03
LG Electronics,LG Velvet,2020/05
LG Electronics,LG Stylo 6,2020/05
LG Electronics,LG Q61,2020/05
LG Electronics,LG K31,2020/08
LG Electronics,LG Q92 5G,2020/08
LG Electronics,LG K22,2020/09
LG Electronics,LG K42/K71,2020/09
LG Electronics,LG Q31,2020/09
LG Electronics,LG Wing,2020/10
LG Electronics,LG Q52,2020/10
LG Electronics,LG K52/K62,2020/11
LG Electronics,LG K92 5G,2020/11
LG Electronics,LG W31/+,2020/12
LG Electronics,LG W41/+/Pro,2021/03
Marshall Amplification,Marshall London,2015
Meizu,Meizu M1/1 Note,2015/01
Meizu,Meizu M2 Note,2015/06
Meizu,Meizu MX5,2015/06
Meizu,Meizu M2,2015/07
Meizu,Meizu PRO 5,2015/09
Meizu,Meizu M1 Metal,2015/10
Meizu,Meizu MX5e,2016/04
Meizu,Meizu M3 Note,2016/04
Meizu,Meizu PRO 6,2016/04
Meizu,Meizu M3,2016/04
Meizu,Meizu M3s,2016/06
Meizu,Meizu MX6,2016/07
Meizu,Meizu M3E,2016/08
Meizu,Meizu U10/20,2016/08
Meizu,Meizu M3 Max,2016/09
Meizu,Meizu M5,2016/10
Meizu,Meizu PRO 6s,2016/11
Meizu,Meizu M3x,2016/11
Meizu,Meizu PRO 6 Plus,2016/11
Meizu,Meizu M5 Note,2016/12
Meizu,Meizu M5s,2017/02
Meizu,Meizu E2,2017/04
Meizu,Meizu M5c,2017/05
Meizu,Meizu PRO 7/Plus,2017/07
Meizu,Meizu M6 Note,2017/08
Meizu,Meizu M6,2017/09
Meizu,Meizu M6s,2018/01
Meizu,Meizu E3,2018/03
Meizu,Meizu 15/Pro/Lite,2018/04
Meizu,Meizu M8c,2018/05
Meizu,Meizu M6T,2018/05
Meizu,Meizu 16th/Plus,2018/08
Meizu,Meizu 16X,2018/09
Meizu,Meizu V8/Pro,2018/09
Meizu,Meizu X8,2018/09
Meizu,Meizu Note 8,2018/10
Meizu,Meizu C9/Pro,2018/12
Meizu,Meizu Note 9,2019/03
Meizu,Meizu M10,2019/09
Meizu,Meizu 16s,2019/04
Meizu,Meizu 16Xs,2019/05
Meizu,Meizu 16s Pro,2019/08
Meizu,Meizu 16T,2019/10
Meizu,Meizu 17/Pro,2020/05
Meizu,Meizu 18/Pro,2021/03
Meizu,Meizu 18s/Pro,2021/09
Meizu,Meizu 18X,2021/09
Motorola Mobility,Moto E (2nd generation),2015/02
Motorola Mobility,Moto G (3rd generation),2015/07
Motorola Mobility,Moto X Play,2015/07
Motorola Mobility,Moto X Style,2015/09
Motorola Mobility,Moto G4,2016/05
Motorola Mobility,Moto E3,2016/07
Motorola Mobility,Moto Z,2016/09
Motorola Mobility,Moto Z Play,2016/09
Motorola Mobility,Moto G5,2017/03
Motorola Mobility,Moto C,2017/05
Motorola Mobility,Moto E4,2017/06
Motorola Mobility,Moto Z2 Play,2017/06
Motorola Mobility,Moto Z2 Force,2017/08
Motorola Mobility,Moto X4,2017/09
Motorola Mobility,Moto E5,2018/05
Motorola Mobility,Moto G6,2018/05
Motorola Mobility,Moto Z3 Play,2018/06
Motorola Mobility,Moto Z3,2018/08
Motorola Mobility,Motorola One/One Power,2018/10
Motorola Mobility,Moto G7,2019/03
Motorola Mobility,Motorola One Vision,2019/06
Motorola Mobility,Moto Z4,2019/06
Motorola Mobility,Motorola One Zoom,2019/09
Motorola Mobility,Moto G8 Plus,2019/10
Motorola Mobility,Motorola One Macro,2019/10
Motorola Mobility,Motorola One Action,2019/10
Motorola Mobility,Motorola Razr (4G),2019/11
Motorola Mobility,Motorola One Hyper,2020/01
Motorola Mobility,Moto G8 Power,2020/02
Motorola Mobility,Moto G Power/Stylus,2020/02
Motorola Mobility,Moto G8,2020/03
Motorola Mobility,Moto E6s (2020),2020/03
Motorola Mobility,Moto G8 Power Lite,2020/04
Motorola Mobility,Motorola Edge/Edge+,2020/05
Motorola Mobility,Moto G Pro,2020/05
Motorola Mobility,Moto E (2020),2020/06
Motorola Mobility,Moto G Fast,2020/06
Motorola Mobility,Motorola One Fusion+,2020/06
Motorola Mobility,Motorola One Fusion,2020/07
Motorola Mobility,Moto G 5G Plus,2020/07
Motorola Mobility,Moto G9 Play,2020/08
Motorola Mobility,Moto G9 Plus,2020/09
Motorola Mobility,Moto E7 Plus,2020/09
Motorola Mobility,Motorola Razr (5G),2020/09
Motorola Mobility,Moto G9 Power,2020/12
Motorola Mobility,Moto G 5G,2020/12
Motorola Mobility,Moto E7,2020/12
Motorola Mobility,Moto G Play (2021),2021/01
Motorola Mobility,Moto G Power (2021),2021/01
Motorola Mobility,Moto G Stylus (2021),2021/01
Motorola Mobility,Moto E6i,2021/02
Motorola Mobility,Moto E7 Power,2021/02
Motorola Mobility,Moto G10,2021/03
Motorola Mobility,Moto G30,2021/03
Motorola Mobility,Moto G10 Power,2021/03
Motorola Mobility,Moto G50,2021/04
Motorola Mobility,Moto G100,2021/04
Motorola Mobility,Moto G60,2021/04
Motorola Mobility,Moto G40 Fusion,2021/05
Motorola Mobility,Moto G20,2021/06
Motorola Mobility,Moto G Stylus 5G,2021/06
Motorola Mobility,Motorola Defy (2021),2021/07
Motorola Mobility,Moto G50 5G,2021/08
Motorola Mobility,Moto G60S,2021/08
Motorola Mobility,Motorola Edge 20,2021/08
Motorola Mobility,Motorola Edge (2021),2021/09
MyPhone,MyPhone myA1 Plus,2020/09
MyPhone,MyPhone myA17,2020/09
MyPhone,MyPhone myP1,2020/08
Nextbit,Nextbit Robin,2016/02
LG Electronics/Google,Nexus 5X,2015/09
Huawei/Google,Nexus 6P,2015/09
HMD Global,Nokia 6,2017/01
HMD Global,Nokia 3,2017/06
HMD Global,Nokia 5,2017/07
HMD Global,Nokia 7,2017/10
HMD Global,Nokia 8,2017/10
HMD Global,Nokia 2,2017/11
HMD Global,Nokia 7 Plus,2018/03
HMD Global,Nokia 1,2018/04
HMD Global,Nokia 6.1,2018/04
HMD Global,Nokia 8 Sirocco,2018/04
HMD Global,Nokia 3.1,2018/05
HMD Global,Nokia 5.1 Plus,2018/07
HMD Global,Nokia 2.1,2018/08
HMD Global,Nokia 5.1,2018/08
HMD Global,Nokia 6.1 Plus,2018/08
HMD Global,Nokia 3.1 Plus,2018/10
HMD Global,Nokia 7.1,2018/10
HMD Global,Nokia 8.1,2018/12
HMD Global,Nokia 9 PureView,2019/02
HMD Global,Nokia 1 Plus,2019/03
HMD Global,Nokia 4.2,2019/04
HMD Global,Nokia 3.2,2019/05
HMD Global,Nokia 2.2,2019/06
HMD Global,Nokia 6.2,2019/09
HMD Global,Nokia 7.2,2019/09
HMD Global,Nokia 2.3,2019/12
HMD Global,Nokia C1,2019/12
HMD Global,Nokia C2,2020/03
HMD Global,Nokia 1.3,2020/04
HMD Global,Nokia 5.3,2020/04
HMD Global,Nokia C2 Tava,2020/05
HMD Global,Nokia C5 Endi,2020/06
HMD Global,Nokia C2 Tennen,2020/06
HMD Global,Nokia C3,2020/08
HMD Global,Nokia 2.4,2020/09
HMD Global,Nokia 3.4,2020/10
HMD Global,Nokia C1 Plus,2020/12
HMD Global,Nokia 5.4,2021/01
HMD Global,Nokia 1.4,2021/02
HMD Global,Nokia C20,2021/04
HMD Global,Nokia G10,2021/04
HMD Global,Nokia G20,2021/05
HMD Global,Nokia X20,2021/05
HMD Global,Nokia C10,2021/06
HMD Global,Nokia X10,2021/06
HMD Global,Nokia C01 Plus,2021/06
HMD Global,Nokia C20 Plus,2021/06
HMD Global,Nokia C30,2021/08
HMD Global,Nokia XR20,2021/08
ZTE,Nubia Z9 Max,2015/04
ZTE,Nubia Z9 mini,2015/04
ZTE,Nubia Z9,2015/05
ZTE,Nubia My Prague,2015/06
ZTE,Nubia Prague S,2016/01
ZTE,Nubia Z11 mini,2016/04
ZTE,Nubia Z11 Max,2016/06
ZTE,Nubia Z11,2016/06
ZTE,Nubia N1,2016/07
ZTE,Nubia Z11 mini S,2016/10
ZTE,Nubia M2/lite,2017/03
ZTE,Nubia N2,2017/03
ZTE,Nubia N1 lite,2017/04
ZTE,Nubia Z17 mini,2017/04
ZTE,Nubia Z17,2017/06
ZTE,Nubia Z17 lite,2017/08
ZTE,Nubia Z17 miniS,2017/10
ZTE,Nubia Z17s,2017/10
ZTE,Nubia N3,2018/03
ZTE,Nubia V18,2018/03
ZTE,Nubia Z18 mini,2018/04
ZTE,Nubia Red Magic,2018/04
ZTE,Nubia Z18,2018/09
ZTE,Nubia X,2018/11
ZTE,Nubia Red Magic Mars,2018/12
ZTE,Nubia Red Magic 3,2019/05
ZTE,Nubia Z20,2019/08
ZTE,Nubia Red Magic 3s,2019/09
ZTE,Nubia Red Magic 5G,2020/03
ZTE,Nubia Play,2020/06
ZTE,Nubia Red Magic 5G Lite,2020/06
ZTE,Nubia Red Magic 5S,2020/08
ZTE,Nubia Red Magic 6/Pro,2021/03
OnePlus,OnePlus 2,2015/07
OnePlus,OnePlus X,2015/10
OnePlus,OnePlus 3,2016/06
OnePlus,OnePlus 3T,2016/11
OnePlus,OnePlus 5,2017/06
OnePlus,OnePlus 5T,2017/11
OnePlus,OnePlus 6,2018/04
OnePlus,OnePlus 6T,2018/11
OnePlus,OnePlus 7,2019/05
OnePlus,OnePlus 7 Pro,2019/05
OnePlus,OnePlus 7T,2019/10
OnePlus,OnePlus 7T Pro,2019/10
OnePlus,OnePlus 8,2020/04
OnePlus,OnePlus 8 Pro,2020/04
OnePlus,OnePlus Nord,2020/08
OnePlus,OnePlus 8T,2020/10
OnePlus,OnePlus Nord N10 5G,2020/11
OnePlus,OnePlus Nord N100,2020/11
OnePlus,OnePlus 9,2021/03
OnePlus,OnePlus 9 Pro,2021/03
OnePlus,OnePlus Nord CE 5G,2021/06
OnePlus,OnePlus Nord N200 5G,2021/06
OnePlus,OnePlus Nord 2 5G,2021/07
Oppo,Oppo Joy Plus,2015/08
Oppo,Oppo Neo 5s,2015/05
Oppo,Oppo R7,2015/05
Oppo,Oppo Neo 5 (2015),2015/08
Oppo,Oppo Joy 3,2015/08
Oppo,Oppo Neo 7,2015/10
Oppo,Oppo F1,2016/01
Oppo,Oppo R11,2017/06
Oppo,Oppo F7,2018/04
Oppo,Oppo R15 Pro,2018/04
Oppo,Oppo Find X,2018/07
Oppo,Oppo F9,2018/08
Oppo,Oppo R17,2018/09
Oppo,Oppo Reno,2019/04
Oppo,Oppo Reno2,2019/09
Oppo,Oppo A9 (2020),2019/09
Oppo,Oppo Reno3 5G/Pro 5G,2019/12
Oppo,Oppo Reno3 Pro,2020/03
Oppo,Oppo Find X2/Pro,2020/03
Oppo,Oppo Reno3,2020/03
Oppo,Oppo Ace2,2020/04
Oppo,Oppo A12,2020/04
Oppo,Oppo A52,2020/04
Oppo,Oppo A72/A92s,2020/04
Oppo,Oppo Find X2 Lite/Neo,2020/05
Oppo,Oppo A92,2020/05
Oppo,Oppo Reno4 5G/Pro 5G,2020/06
Oppo,Oppo A12s,2020/07
Oppo,Oppo A72 5G,2020/07
Oppo,Oppo Reno4/Pro,2020/08
Oppo,Oppo F17/Pro,2020/09
Oppo,Oppo Reno4 SE,2020/09
Oppo,Oppo Reno4 Lite,2020/09
Oppo,Oppo Reno4 Z 5G,2020/10
Oppo,Oppo A93/Reno4 F,2020/10
Oppo,Oppo A73,2020/11
Oppo,Oppo A73 5G,2020/11
Oppo,Oppo Reno5 5G/Pro 5G/Pro+ 5G,2021/01
Oppo,Oppo Reno5,2021/01
Oppo,Oppo Find X3/Pro,2021/03
Oppo,Oppo Find X3 Neo/Lite,2021/03
"Palm, Inc.",Palm,2018/10
Panasonic,Panasonic P100,2018/02
Pepsi,Pepsi P1/P1S,2018/02
Google,Pixel/XL,2016/10
Google,Pixel 2/XL,2017/10
Google,Pixel 3/XL,2018/10
Google,Pixel 3a/XL,2019/03
Google,Pixel 4/XL,2019/10
Google,Pixel 4a,2020/08
Google,Pixel 4a (5G),2020/11
Google,Pixel 5,2020/10
Google,Pixel 5a,2021/8
Razer Inc.,Razer Phone,November 2017
Razer Inc.,Razer Phone 2,October 2018
Realme,Realme 1,May 2018
Realme,Realme 2,September 2018
Realme,Realme C1,October 2018
Realme,Realme 2 Pro,October 2018
Realme,Realme U1,December 2018
Realme,Realme 3,March 2019
Realme,Realme C2,May 2019
Realme,Realme 3 Pro,May 2019
Realme,Realme X,July 2019
Realme,Realme 3i,July 2019
Realme,Realme 5,August 2019
Realme,Realme 5 Pro,September 2019
Realme,Realme XT,September 2019
Realme,Realme X2,September 2019
Realme,Realme X2 Pro,October 2019
Realme,Realme 5i,January 2020
Realme,Realme X50,January 2020
Realme,Realme C3,February 2020
Realme,Realme X50 Pro,March 2020
Realme,Realme 6,March 2020
Realme,Realme 6 Pro,March 2020
Realme,Realme 6i,March 2020
Realme,Realme X50 Pro Player,June 2020
Realme,Realme X3 SuperZoom,June 2020
Realme,Realme Narzo,June 2020
Realme,Realme C3i,June 2020
Realme,Realme X3,June 2020
Realme,Realme C11,June 2020
Realme,Realme C15,July 2020
Realme,Realme V5,August 2020
Realme,Realme C12,August 2020
Realme,Realme V3,September 2020
Realme,Realme X7/Pro,September 2020
Realme,Realme 7 (Asia)/Pro,September 2020
Realme,Realme 7i,September 2020
Realme,Realme C17,September 2020
Realme,Realme Narzo 20/Pro/20A,September 2020
Realme,Realme 7 (Global),October 2020
Realme,Realme Q2/Pro/2i,October 2020
Realme,Realme 7 5G,November 2020
Realme,Realme 7i (Global),December 2020
Realme,Realme V15,January 2021
Realme,Realme C20,January 2021
Realme,Realme X7 (India),February 2021
Realme,Realme V11,February 2021
Realme,Realme Narzo 30 Pro/30A,March 2020
Realme,Realme C21,March 2021
Realme,Realme GT,March 2021
Realme,Realme C25,March 2021
Realme,Realme 8/Pro,March 2021
Realme,Realme V13,April 2021
Realme,Realme GT Neo,April 2021
Realme,Realme X7 Pro Ultra,April 2021
Realme,Realme 8 5G,April 2021
Realme,Realme Q3/Pro/3i,April 2021
Realme,Realme C20A,May 2021
Realme,Realme narzo 30,May 2021
Realme,Realme GT Neo Flash,June 2021
Realme,Realme Q3 Pro Carnival,June 2021
Realme,Realme narzo 30 5G,June 2021
Realme,Realme X7 Max,June 2021
Realme,Realme C25s,June 2021
Realme,Realme C11 2021,June 2021
Realme,Realme C21Y,July 2021
Realme,Realme GT Master Edition,July 2021
Realme,Realme GT Explorer Master Edition,July 2021
Realme,Realme 8i/8s 5G,September 2021
Realme,Realme C25Y,September 2021
Realme,Realme GT Neo2,September 2021
Realme,Realme V11s,October 2021
Realme,Realme narzo 50A/50i,September 2021
Xiaomi,Redmi 2,January 2015
Xiaomi,Redmi 2A,April 2015
Xiaomi,Redmi 2 Prime,August 2015
Xiaomi,Redmi Note 2,August 2015
Xiaomi,Redmi 2 Pro,October 2015
Xiaomi,Redmi Note 3 (MTK),November 2015
Xiaomi,Redmi 3,January 2016
Xiaomi,Redmi Note 3/Pro,March 2016
Xiaomi,Redmi 3 Pro,April 2016
Xiaomi,Redmi 3S,June 2016
Xiaomi,Redmi 3X,July 2016
Xiaomi,Redmi 3S Prime,August 2016
Xiaomi,Redmi Pro,August 2016
Xiaomi,Redmi Note 4 (MTK),August 2016
Xiaomi,Redmi 4/Pro/Prime,August 2016
Xiaomi,Redmi 4A,November 2016
Xiaomi,Redmi Note 4/4X,January 2017
Xiaomi,Redmi 4X,February 2017
Xiaomi,Redmi Note 5A/Prime,September 2017
Xiaomi,Redmi 5A,October 2017
Xiaomi,Redmi 5/5 Plus,December 2017
Xiaomi,Redmi Note 5 Pro,February 2018
Xiaomi,Redmi Note 5,March 2018
Xiaomi,Redmi S2/Y2,May 2018
Xiaomi,Redmi 6/6A/6 Pro,June 2018
Xiaomi,Redmi Note 6 Pro,October 2018
Xiaomi,Redmi Note 7,February 2019
Xiaomi,Redmi Go,February 2019
Xiaomi,Redmi Note 7 Pro,March 2019
Xiaomi,Redmi 7,March 2019
Xiaomi,Redmi Y3,April 2019
Xiaomi,Redmi 7A,May 2019
Xiaomi,Redmi K20/Pro,June 2019
Xiaomi,Redmi Note 8/Pro,September 2019
Xiaomi,Redmi 8A,September 2019
Xiaomi,Redmi 8,October 2019
Xiaomi,Redmi Note 8T,November 2019
Xiaomi,Redmi K30/5G,December 2019
Xiaomi,Redmi 8A Dual,February 2020
Xiaomi,Redmi Note 9 Pro (India)/Pro Max/9S,March 2020
Xiaomi,Redmi K30 Pro/Pro Zoom,March 2020
Xiaomi,Redmi Note 9/Pro (Global),May 2020
Xiaomi,Redmi 10X/Pro,June 2020
Xiaomi,Redmi 9,June 2020
Xiaomi,Redmi 9A,July 2020
Xiaomi,Redmi 9C,August 2020
Xiaomi,Redmi 9 Prime,August 2020
Xiaomi,Redmi K30 Ultra,August 2020
Xiaomi,Redmi K30S,November 2020
Xiaomi,Redmi Note 9 4G/5G/Pro 5G,November 2020
Xiaomi,Redmi 9 Power,December 2020
Xiaomi,Redmi 9T/Note 9T,January 2021
Xiaomi,Redmi K40/Pro/Pro+,March 2021
Xiaomi,Redmi Note 10/Pro/Pro Max,March 2021
Xiaomi,Redmi Note 10S/5G,April 2021
Xiaomi,Redmi K40 Gaming,April 2021
Xiaomi,Redmi Note 8 2021,May 2021
Xiaomi,Redmi Note 10 Pro 5G,June 2021
Xiaomi,Redmi Note 10T,July 2021
Xiaomi,Redmi Note 10 JE,August 2021
Xiaomi,Redmi 10,August 2021
Xiaomi,Redmi 10 Prime,September 2021
Xiaomi,Redmi 9 Activ,September 2021
Xiaomi,Redmi 9A Sport/9i Sport,September 2021
Xiaomi,Redmi Note 10 Lite,October 2021
Samsung Electronics,Samsung Galaxy E7,2015/02
Samsung Electronics,Samsung Galaxy A7/Duos,2015/02
Samsung Electronics,Samsung Galaxy S6/Edge,2015/04
Samsung Electronics,Samsung Galaxy Xcover 3,2015/04
Samsung Electronics,Samsung Galaxy A8/Duos,2015/08
Samsung Electronics,Samsung Galaxy Note 5,2015/08
Samsung Electronics,Samsung Galaxy S6 Edge+,2015/08
Samsung Electronics,Samsung Galaxy A3 (2016)/A5 (2016)/A7 (2016),2015/12
Samsung Electronics,Samsung Galaxy A9 (2016),2016/01
Samsung Electronics,Samsung Galaxy S7/Edge,2016/03
Samsung Electronics,Samsung Galaxy Xcover 3 G389F,2016/04
Samsung Electronics,Samsung Galaxy A9 Pro (2016),2016/05
Samsung Electronics,Samsung Galaxy C7,2016/06
Samsung Electronics,Samsung Galaxy Note 7,2016/09
Samsung Electronics,Samsung Galaxy A8 (2016),2016/10
Samsung Electronics,Samsung Galaxy C9 Pro,2016/11
Samsung Electronics,Samsung Galaxy A3 (2017)/A5 (2017)/A7 (2017),2017/01
Samsung Electronics,Samsung Galaxy Xcover 4,2017/04
Samsung Electronics,Samsung Galaxy S8/+,2017/04
Samsung Electronics,Samsung Galaxy Note FE,2017/07
Samsung Electronics,Samsung Galaxy Note 8,2017/08
Samsung Electronics,Samsung Galaxy C8,2017/09
Samsung Electronics,Samsung Galaxy C5,2017/10
Samsung Electronics,Samsung Galaxy A8 (2018)/+,2018/01
Samsung Electronics,Samsung Galaxy S9/+,2018/03
Samsung Electronics,Samsung Galaxy A6/+,2018/05
Samsung Electronics,Samsung Galaxy A8 Star,2018/06
Samsung Electronics,Samsung Galaxy Note 9,2018/08
Samsung Electronics,Samsung Galaxy A7 (2018),2018/10
Samsung Electronics,Samsung Galaxy A9 (2018),2018/11
Samsung Electronics,Samsung Galaxy A6s,2018/11
Samsung Electronics,Samsung Galaxy A8s,2018/12
Samsung Electronics,Samsung Galaxy A10,2019/03
Samsung Electronics,Samsung Galaxy A30,2019/03
Samsung Electronics,Samsung Galaxy A50,2019/03
Samsung Electronics,Samsung Galaxy S10/e/+,2019/03
Samsung Electronics,Samsung Galaxy S10 5G,2019/04
Samsung Electronics,Samsung Galaxy A20/A40,2019/04
Samsung Electronics,Samsung Galaxy A2 Core,2019/04
Samsung Electronics,Samsung Galaxy A20e,2019/05
Samsung Electronics,Samsung Galaxy A70,2019/05
Samsung Electronics,Samsung Galaxy A80,2019/05
Samsung Electronics,Samsung Galaxy A60,2019/06
Samsung Electronics,Samsung Galaxy Xcover 4s,2019/07
Samsung Electronics,Samsung Galaxy A10e,2019/08
Samsung Electronics,Samsung Galaxy Note 10/+,2019/08
Samsung Electronics,Samsung Galaxy A10s,2019/08
Samsung Electronics,Samsung Galaxy A30s/A50s,2019/09
Samsung Electronics,Samsung Galaxy A90 5G,2019/09
Samsung Electronics,Samsung Galaxy A70s,2019/09
Samsung Electronics,Samsung Galaxy Fold,2019/09
Samsung Electronics,Samsung Galaxy A20s,2019/10
Samsung Electronics,Samsung Galaxy A51/A71,2019/12
Samsung Electronics,Samsung Galaxy A01,2020/01
Samsung Electronics,Samsung Galaxy Xcover Pro,2020/01
Samsung Electronics,Samsung Galaxy Z Flip,2020/02
Samsung Electronics,Samsung Galaxy S20/+/Ultra,2020/03
Samsung Electronics,Samsung Galaxy Xcover FieldPro,2020/04
Samsung Electronics,Samsung Galaxy A31,2020/04
Samsung Electronics,Samsung Galaxy A11,2020/05
Samsung Electronics,Samsung Galaxy A41,2020/05
Samsung Electronics,Samsung Galaxy A51 5G/A71 5G,2020/06
Samsung Electronics,Samsung Galaxy A21,2020/06
Samsung Electronics,Samsung Galaxy A21s,2020/07
Samsung Electronics,Samsung Galaxy A71 5G UW,2020/06
Samsung Electronics,Samsung Galaxy Z Flip 5G,2020/08
Samsung Electronics,Samsung Galaxy Note 20/Ultra,2020/08
Samsung Electronics,Samsung Galaxy Z Fold 2,2020/08
Samsung Electronics,Samsung Galaxy A01 Core,2020/08
Samsung Electronics,Samsung Galaxy A51 5G UW,2020/08
Samsung Electronics,Samsung Galaxy A42 5G,2020/09
Samsung Electronics,Samsung Galaxy S20 FE,2020/10
Samsung Electronics,Samsung Galaxy F41,2020/10
Samsung Electronics,Samsung Galaxy M21s,2020/11
Samsung Electronics,Samsung Galaxy A12,2020/12
Samsung Electronics,Samsung Galaxy A02s/M02s,2021/01
Samsung Electronics,Samsung Galaxy A32 5G,2021/01
Samsung Electronics,Samsung Galaxy S21,2021/01
Samsung Electronics,Samsung Galaxy S21+,2021/01
Samsung Electronics,Samsung Galaxy S21 Ultra,2021/01
Samsung Electronics,Samsung Galaxy A02,2021/01
Samsung Electronics,Samsung Galaxy M02,2021/02
Samsung Electronics,Samsung Galaxy M12,2021/02
Samsung Electronics,Samsung Galaxy F62,2021/02
Samsung Electronics,Samsung Galaxy M62,2021/03
Samsung Electronics,Samsung Galaxy A32,2021/03
Samsung Electronics,Samsung Galaxy Xcover 5,2021/03
Samsung Electronics,Samsung Galaxy A52/A52 5G,2021/03
Samsung Electronics,Samsung Galaxy A72,2021/03
Samsung Electronics,Samsung Galaxy F02s,2021/04
Samsung Electronics,Samsung Galaxy F12,2021/04
Sony Mobile,Sony Xperia Z4,2015/06
Sony Mobile,Sony Xperia Z5/Compact,2015/10
Sony Mobile,Sony Xperia Z5 Premium,2015/11
Sony Mobile,Sony Xperia X/Performance,2016/02
Sony Mobile,Sony Xperia XA,2016/06
Sony Mobile,Sony Xperia XA Ultra,2016/07
Sony Mobile,Sony Xperia X Compact,2016/09
Sony Mobile,Sony Xperia XZ,2016/09
Sony Mobile,Sony Xperia XZs/Premium,2017/02
Sony Mobile,Sony Xperia XA1,2017/04
Sony Mobile,Sony Xperia XA1 Ultra,2017/05
Sony Mobile,Sony Xperia L1,2017/06
Sony Mobile,Sony Xperia XZ1/Compact,2017/08
Sony Mobile,Sony Xperia XA1 Plus,2017/10
Sony Mobile,Sony Xperia L2,2018/01
Sony Mobile,Sony Xperia XA2/Ultra,2018/02
Sony Mobile,Sony Xperia XZ2/Compact,2018/02
Sony Mobile,Sony Xperia XZ2 Premium,2018/04
Sony Mobile,Sony Xperia XZ3,2018/08
Sony Mobile,Sony Xperia XA2 Plus,2018/09
Sony Mobile,Sony Xperia 10/10 Plus,2019/02
Sony Mobile,Sony Xperia L3,2019/02
Sony Mobile,Sony Xperia 1,2019/05
Sony Mobile,Sony Xperia 5,2019/09
Sony Mobile,Sony Xperia 8,2019/10
Sony Mobile,Sony Xperia L4,2020/04
Sony Mobile,Sony Xperia 1 II,2020/05
Sony Mobile,Sony Xperia 10 II,2020/05
Sony Mobile,Sony Xperia 5 II,2020/10
Sony Mobile,Sony Xperia Pro,2021/01
Sony Mobile,Sony Xperia 10 III,2021/04
Sony Mobile,Sony Xperia 5 III,2021/04
Sony Mobile,Sony Xperia 1 III,2021/04
Microsoft,Surface Duo,2020/09
TCL,TCL Plex,2019/10
TCL,TCL 10L,2020/05
TCL,TCL 10 Pro,2020/05
TCL,TCL 10 SE,2020/07
TCL,TCL 10 5G,2020/07
TCL,TCL 10 Plus,2020/09
Tecno Mobile,Tecno Phantom 6/Plus,2016/09
Tecno Mobile,Tecno Camon CX,2017/03
Tecno Mobile,Tecno Camon CX Air,2017/04
Tecno Mobile,Tecno Spark,2017/05
Tecno Mobile,Tecno Spark Plus,2017/06
Tecno Mobile,Tecno Phantom 8,2017/09
Tecno Mobile,Tecno Spark Pro,2017/10
Tecno Mobile,Tecno Camon CM,2017/12
Tecno Mobile,Tecno Spark CM,2017/12
Tecno Mobile,Tecno Camon X/Pro,2018/03
Tecno Mobile,Tecno Spark 2,2018/06
Tecno Mobile,Tecno Camon 11/Pro,2018/09
Tecno Mobile,Tecno Camon iACE2/2X,2019/02
Tecno Mobile,Tecno Spark 3/Pro,2019/04
Tecno Mobile,Tecno Phantom 9,2019/07
Tecno Mobile,Tecno Spark Go,2019/08
Tecno Mobile,Tecno Spark 4/Air/Lite,2016/08
Tecno Mobile,Tecno Camon 12,2019/08
Tecno Mobile,Tecno Camon 12 Pro,2019/09
Tecno Mobile,Tecno Camon 12 Air,2019/10
Tecno Mobile,Tecno Camon 15/Pro,2020/02
Tecno Mobile,Tecno Camon 15 Air/Premier,2020/04
Tecno Mobile,Tecno Spark 5,2020/05
Tecno Mobile,Tecno Spark 5 Air,2020/05
Tecno Mobile,Tecno Spark 5 Pro,2020/05
Tecno Mobile,Tecno Spark Power 2,2020/06
Tecno Mobile,Tecno Pouvoir 4/Pro,2020/07
Tecno Mobile,Tecno Camon 16 Premier,2020/09
Tecno Mobile,Tecno Spark 6 Air,2020/09
Tecno Mobile,Tecno Spark 6,2020/09
Tecno Mobile,Tecno Camon 16,2020/10
Tecno Mobile,Tecno Pova,2020/10
Vivo,Vivo X5Max+,2015/03
Vivo,Vivo X5Pro,2015/05
Vivo,Vivo X5Max Platinum,2015/06
Vivo,Vivo V1,2015/07
Vivo,Vivo V1 Max,2015/08
Vivo,Vivo X6/Plus,2015/11
Vivo,Vivo X6S/Plus,2016/03
Vivo,Vivo V3/Max,2016/04
Vivo,Vivo X7/Plus,2016/07
Vivo,Vivo X9/Plus,2016/07
Vivo,Vivo V5,2016/11
Vivo,Vivo V5 Plus,2017/01
Vivo,Vivo V5 Lite/Y66,2017/02
Vivo,Vivo V5s,2017/05
Vivo,Vivo X9s/Plus,2017/07
Vivo,Vivo V7+,2017/09
Vivo,Vivo X20/Plus,2017/09
Vivo,Vivo V7,2017/12
Vivo,Vivo X20 Plus UD,2018/01
Vivo,Vivo X21/UD,2018/03
Vivo,Vivo V9/Youth,2018/04
Vivo,Vivo X21i,2018/05
Vivo,Vivo NEX,2018/06
Vivo,Vivo V11,2018/09
Vivo,Vivo X23,2018/09
Vivo,Vivo V11i,2018/09
Vivo,Vivo NEX Dual Display,2018/12
Vivo,Vivo V15/Pro,2019/03
Vivo,Vivo X27/Pro,2019/03
Vivo,Vivo V17 Neo,2019/08
Vivo,Vivo NEX 3,2019/09
Vivo,Vivo V17 Pro,2019/09
Vivo,Vivo V17,2019/12
Vivo,Vivo X30/Pro,2019/12
Vivo,Vivo NEX 3S,2020/03
Vivo,Vivo V19,2020/04
Vivo,Vivo X50 Lite,2020/05
Vivo,Vivo X50/Pro/Pro+,2020/06
Vivo,Vivo V19 Neo,2020/06
Vivo,Vivo V20 Pro,2020/09
Vivo,Vivo X50e,2020/10
Vivo,Vivo V20 SE,2020/10
Vivo,Vivo V20,2020/10
Vivo,Vivo X51,2020/10
Vivo,Vivo V20 (2021),2020/12
Vivo,Vivo X60/Pro/Pro+,2021/01
Xiaomi,Xiaomi Mi Note,2015/01
Xiaomi,Xiaomi Mi Note Pro,2015/05
Xiaomi,Xiaomi Mi 4i,2015/04
Xiaomi,Xiaomi Mi 4c,2015/09
Xiaomi,Xiaomi Mi 4S,2016/03
Xiaomi,Xiaomi Mi 5,2016/04
Xiaomi,Xiaomi Mi Max/Pro,2016/05
Xiaomi,Xiaomi Mi 5s/Plus,2016/10
Xiaomi,Xiaomi Mi Note 2,2016/11
Xiaomi,Xiaomi Mi MIX,2016/11
Xiaomi,Xiaomi Mi 5c,2017/03
Xiaomi,Xiaomi Mi 6,2017/04
Xiaomi,Xiaomi Mi Max 2,2017/06
Xiaomi,Xiaomi Mi 5X/Mi A1,2017/08
Xiaomi,Xiaomi Mi Note 3,2017/09
Xiaomi,Xiaomi Mi MIX 2,2017/09
Xiaomi,Xiaomi Mi MIX 2S,2018/04
Xiaomi,Xiaomi Mi 6X/Mi A2,2018/04
Xiaomi,Xiaomi Black Shark,2018/04
Xiaomi,Xiaomi Mi 8/SE/EE,2018/06
Xiaomi,Xiaomi Mi Max 3,2018/07
Xiaomi,Xiaomi Pocophone F1,2018/08
Xiaomi,Xiaomi Mi 8 Pro/Lite,2018/09
Xiaomi,Xiaomi Mi MIX 3,2018/11
Xiaomi,Xiaomi Black Shark Helo,2018/11
Xiaomi,Xiaomi Mi Play,2018/12
Xiaomi,Xiaomi Mi 9/SE,2019/03
Xiaomi,Xiaomi Black Shark 2,2019/03
Xiaomi,Xiaomi Mi MIX 3 5G,2019/05
Xiaomi,Xiaomi Mi 9T,2019/06
Xiaomi,Xiaomi Mi A3,2019/07
Xiaomi,Xiaomi Mi 9T Pro,2019/08
Xiaomi,Xiaomi Black Shark 2 Pro,2019/08
Xiaomi,Xiaomi Mi 9 Lite,2019/09
Xiaomi,Xiaomi Mi 9 Pro/Pro 5G,2019/09
Xiaomi,Xiaomi Mi Note 10/Pro,2019/11
Xiaomi,POCO X2,2020/02
Xiaomi,Xiaomi Mi 10/Pro,2020/02
Xiaomi,Xiaomi Black Shark 3/Pro,2020/03
Xiaomi,Xiaomi Mi 10 Lite,2020/05
Xiaomi,Xiaomi Mi 10 Youth,2020/05
Xiaomi,Xiaomi Mi Note 10 Lite,2020/05
Xiaomi,POCO M2 Pro,2020/07
Xiaomi,Xiaomi Mi 10 Ultra,2020/08
Xiaomi,POCO X3 NFC,2020/09
Xiaomi,POCO M2,2020/09
Xiaomi,POCO X3,2020/09
Xiaomi,Xiaomi Mi 10T/Pro/Lite,2020/10
Xiaomi,POCO C3,2020/10
Xiaomi,POCO M3,2020/11
Xiaomi,Xiaomi Mi 11,2021/01
Xiaomi,Xiaomi Mi 10i,2021/01
Xiaomi,Xiaomi Mi 10S,2021/03
Xiaomi,POCO X3 Pro,2021/03
Xiaomi,POCO F3,2021/03
Xiaomi,Xiaomi Black Shark 4/Pro,2021/03
Xiaomi,Xiaomi Mi 11 Pro/Ultra/11i,2021/04
Xiaomi,Xiaomi Mi 11 Lite/Lite 5G,2021/04
Xiaomi,Xiaomi Mi MIX Fold,2021/04
Xiaomi,POCO M2 Reloaded,2021/04
Xiaomi,Xiaomi Mi 11X/Pro,2021/04
Xiaomi,POCO M3 Pro,2021/05
Xiaomi,POCO F3 GT,2021/07
Xiaomi,POCO X3 GT,2021/08
Xiaomi,Xiaomi MIX 4,2021/08
Xiaomi,Xiaomi 11T/Pro,2021/09
Xiaomi,Xiaomi 11 Lite 5G NE,2021/09
ZTE,ZTE Blade S6,2015/02
ZTE,ZTE Blade G/Lux,2015/02
ZTE,ZTE Blade L3,2015/02
ZTE,ZTE Blade L3 Plus,2015/03
ZTE,ZTE Blade S6 Plus,2015/04
ZTE,ZTE Blade Qlux 4G,2015/06
ZTE,ZTE Blade Q Pro,2015
ZTE,ZTE Blade Apex 3,2015/06
ZTE,ZTE Blade A410,2015/06
ZTE,ZTE Blade A460,2015/06
ZTE,ZTE Axon Pro/Lux,2015/07
ZTE,ZTE Blade D6,2015/07
ZTE,ZTE Axon Elite,2015/09
ZTE,ZTE Axon mini,2015/10
ZTE,ZTE Blade S7,2015/10
ZTE,ZTE Axon,2015/10
ZTE,ZTE Blade X3/5/9,2015/11
ZTE,ZTE Axon Max,2015/12
ZTE,ZTE Blade V7/Lite,2016/02
ZTE,ZTE Axon 7,2016/05
ZTE,ZTE Axon 7 mini,2016/09
ZTE,ZTE Axon 7 Max,2016/10
ZTE,ZTE Axon 7s,2017/04
ZTE,ZTE Maven 2,2017/07
ZTE,ZTE Blade A6,2017/08
ZTE,ZTE Axon M,2017/10
ZTE,ZTE Blade X,2017/10
ZTE,ZTE Blade A3,2017/11
ZTE,ZTE Tempo Go,2018/02
ZTE,ZTE Blade V9/Vita,2018/02
ZTE,ZTE Axon 9 Pro,2018/08
ZTE,ZTE Blade A7 Vita,2018/12
ZTE,ZTE Blade V10/Vita,2019/02
ZTE,ZTE Axon 10 Pro/5G,2019/02
ZTE,ZTE Blade L8,2019/04
ZTE,ZTE Blade A3 (2019),2019/04
ZTE,ZTE Blade A7,2019/05
ZTE,ZTE Blade A5 (2019),2019/05
ZTE,ZTE Blade A20,2019/10
ZTE,ZTE Blade 10 Prime,2019/11
ZTE,ZTE Blade A7 Prime,2019/11
ZTE,ZTE Blade Max View,2019/11
ZTE,ZTE Axon 10s Pro 5G,2020/02
ZTE,ZTE Axon 11 4G/5G,2020/03
ZTE,ZTE Blade V 2020,2020/05
ZTE,ZTE Axon 11 SE 5G,2020/06
ZTE,ZTE Axon 20 5G,2020/09
ZTE,ZTE Blade A7s 2020,2020/09
ZTE,ZTE Blade 20 5G,2020/09
ZTE,ZTE Axon 20 4G,2020/09
ZTE,ZTE S30/Pro/SE,2021/04
ZTE,ZTE Axon 30 Pro/Ultra,2021/04
ZTE,ZTE Blade 11 Prime,2021/04
ZTE,ZTE Axon 30,2021/08
